<ImportExportXml xmlns:xsi="http://www.w3.org/2001/XMLSchema-instance">
  <Entities></Entities>
  <Roles></Roles>
  <Workflows>
    <Workflow WorkflowId="{ae2be2d0-3cff-ea11-a813-000d3ab8cd41}" Name="Upload Inspection Collection ">
      <JsonFileName>/Workflows/UploadInspectionCollection-AE2BE2D0-3CFF-EA11-A813-000D3AB8CD41.json</JsonFileName>
      <Type>1</Type>
      <Subprocess>0</Subprocess>
      <Category>5</Category>
      <Mode>0</Mode>
      <Scope>4</Scope>
      <OnDemand>0</OnDemand>
      <TriggerOnCreate>0</TriggerOnCreate>
      <TriggerOnDelete>0</TriggerOnDelete>
      <AsyncAutodelete>0</AsyncAutodelete>
      <SyncWorkflowLogOnFailure>0</SyncWorkflowLogOnFailure>
      <StateCode>1</StateCode>
      <StatusCode>2</StatusCode>
      <RunAs>1</RunAs>
      <IsTransacted>1</IsTransacted>
      <IntroducedVersion>1.0.0.0</IntroducedVersion>
      <IsCustomizable>1</IsCustomizable>
      <BusinessProcessType>0</BusinessProcessType>
      <IsCustomProcessingStepAllowedForOtherPublishers>1</IsCustomProcessingStepAllowedForOtherPublishers>
      <PrimaryEntity>none</PrimaryEntity>
      <LocalizedNames>
        <LocalizedName languagecode="1033" description="Upload Inspection Collection " />
      </LocalizedNames>
    </Workflow>
  </Workflows>
  <FieldSecurityProfiles></FieldSecurityProfiles>
  <Templates />
  <EntityMaps />
  <EntityRelationships />
  <OrganizationSettings />
  <optionsets />
  <CustomControls />
  <EntityDataProviders />
  <CanvasApps>
    <CanvasApp>
      <Name>pag_cpalsiteinspection_5ab97</Name>
      <AppVersion>2020-09-26T15:44:34Z</AppVersion>
      <Status>Ready</Status>
      <CreatedByClientVersion>3.20091.41.0</CreatedByClientVersion>
      <MinClientVersion>3.20091.41.0</MinClientVersion>
      <Tags>{"primaryDeviceWidth":"640","primaryDeviceHeight":"1136","sienaVersion":"53811793-f276-403d-927e-dbdae00cadb7","deviceCapabilities":"webcam,microphone,location","supportsPortrait":"true","supportsLandscape":"false","primaryFormFactor":"Phone","publisherVersion":"3.20091.41","minimumRequiredApiVersion":"2.2.0","hasComponent":"false","hasUnlockedComponent":"false","isUnifiedRootApp":"false"}</Tags>
      <IsCdsUpgraded>0</IsCdsUpgraded>
      <GalleryItemId xsi:nil="true"></GalleryItemId>
      <BackgroundColor>rgba(1, 60, 96, 1)</BackgroundColor>
      <DisplayName>CPAL Site Inspection</DisplayName>
      <Description xsi:nil="true"></Description>
      <CommitMessage xsi:nil="true"></CommitMessage>
      <Publisher xsi:nil="true"></Publisher>
      <AuthorizationReferences xsi:nil="true"></AuthorizationReferences>
      <ConnectionReferences>{"a5223de9-5864-494d-bec6-aaceea98b448":{"id":"/providers/microsoft.powerapps/apis/shared_microsoftspatialservices","displayName":"Spatial Services","iconUri":"https://connectoricons-prod.azureedge.net/microsoftspatialservices/icon_1.0.1355.2020.png","dataSources":["SpatialServices"],"dependencies":[],"dependents":[],"parameterHints":{},"isOnPremiseConnection":false,"bypassConsent":false,"dataSets":{},"apiTier":"Premium"},"56936cb1-d7c8-4e52-ad9d-d782170bbb45":{"id":"/providers/microsoft.powerapps/apis/shared_logicflows","displayName":"Logic flows","iconUri":"https://resourcestackdeploy.blob.core.windows.net/scripts/13276078.png","dataSources":["PowerApp-&gt;Createblob,RespondtoaPowerApporflow"],"dependencies":["11454469-d4ff-468c-9c05-01481770127c"],"dependents":[],"parameterHints":{"workflowName":{"value":"98b903fc-d451-4aa7-ae45-69358f6ea441"},"11454469-d4ff-468c-9c05-01481770127c":{"value":"shared_azureblob_2"}},"isOnPremiseConnection":false,"bypassConsent":false,"dataSets":{},"apiTier":"Standard"},"11454469-d4ff-468c-9c05-01481770127c":{"id":"/providers/microsoft.powerapps/apis/shared_azureblob","displayName":"Azure Blob Storage","iconUri":"https://connectoricons-prod.azureedge.net/releases/v1.0.1394/1.0.1394.2142/azureblob/icon.png","dataSources":[],"dependencies":[],"dependents":["56936cb1-d7c8-4e52-ad9d-d782170bbb45"],"parameterHints":{},"isOnPremiseConnection":false,"sharedConnectionId":"959d03cf-1b87-4c6e-a17f-a81513de76ea","bypassConsent":false,"dataSets":{},"apiTier":"Premium"}}</ConnectionReferences>
      <DatabaseReferences>{"default.cds":{"databaseDetails":{"referenceType":"Environmental","environmentName":"default.cds"},"dataSources":{"Organizations":{"entitySetName":"organizations","logicalName":"organization"}}}}</DatabaseReferences>
      <CanConsumeAppPass>0</CanConsumeAppPass>
      <BypassConsent>0</BypassConsent>
      <AdminControlBypassConsent>0</AdminControlBypassConsent>
      <EmbeddedApp xsi:nil="true"></EmbeddedApp>
      <IntroducedVersion>1.0</IntroducedVersion>
      <CdsDependencies>{"cdsdependencies":[{"logicalname":"organization","componenttype":1}]}</CdsDependencies>
      <BackgroundImageUri>/CanvasApps/pag_cpalsiteinspection_5ab97_BackgroundImageUri</BackgroundImageUri>
      <DocumentUri>/CanvasApps/pag_cpalsiteinspection_5ab97_DocumentUri.msapp</DocumentUri>
    </CanvasApp>
  </CanvasApps>
  <Languages>
    <Language>1033</Language>
  </Languages>
</ImportExportXml>