{"properties":{"connectionReferences":{"shared_azureblob_2":{"runtimeSource":"invoker","connection":{},"api":{"name":"shared_azureblob"}}},"definition":{"$schema":"https://schema.management.azure.com/providers/Microsoft.Logic/schemas/2016-06-01/workflowdefinition.json#","contentVersion":"1.0.0.0","parameters":{"$connections":{"defaultValue":{},"type":"Object"},"$authentication":{"defaultValue":{},"type":"SecureObject"}},"triggers":{"manual":{"type":"Request","kind":"PowerApp","inputs":{"schema":{"type":"object","properties":{"Createblob_Blobname":{"type":"string","description":"Specify name of the blob to create. This parameter is used as part of \"7A163429-984E-467C-AF0A-86F25ECB92A2\"","x-ms-powerflows-param-ispartial":true},"Createblob_Blobcontent":{"type":"string","format":"binary","description":"Specify content of the blob to upload","x-ms-powerflows-param-ispartial":false}},"required":["Createblob_Blobname","Createblob_Blobcontent"]}}}},"actions":{"Create_blob":{"runAfter":{},"type":"OpenApiConnection","inputs":{"host":{"connectionName":"shared_azureblob_2","operationId":"CreateFile","apiId":"/providers/Microsoft.PowerApps/apis/shared_azureblob"},"parameters":{"folderPath":"/siteinspection","name":"@{triggerBody()['Createblob_Blobname']}_metadata.json","body":"@triggerBody()['Createblob_Blobcontent']"},"authentication":{"type":"Raw","value":"@json(decodeBase64(triggerOutputs().headers['X-MS-APIM-Tokens']))['$ConnectionKey']"}},"runtimeConfiguration":{"contentTransfer":{"transferMode":"Chunked"}}},"Respond_to_a_PowerApp_or_flow":{"runAfter":{"Create_blob":["Succeeded"]},"type":"Response","kind":"PowerApp","inputs":{"statusCode":200,"body":{},"schema":{"type":"object","properties":{}}}}},"outputs":{}}},"schemaVersion":"1.0.0.0"}